date,state,country,confirmed
2020-01-22,Alberta,Canada,0.0
2020-01-22,Anguilla,United Kingdom,0.0
2020-01-22,Anhui,China,1.0
2020-01-22,Aruba,Netherlands,0.0
2020-01-22,Australian Capital Territory,Australia,0.0
2020-01-22,Beijing,China,14.0
2020-01-22,Bermuda,United Kingdom,0.0
2020-01-22,"Bonaire, Sint Eustatius and Saba",Netherlands,0.0
2020-01-22,British Columbia,Canada,0.0
2020-01-22,British Virgin Islands,United Kingdom,0.0
2020-01-22,Cayman Islands,United Kingdom,0.0
2020-01-22,Channel Islands,United Kingdom,0.0
2020-01-22,Chongqing,China,6.0
2020-01-22,Curacao,Netherlands,0.0
2020-01-22,Diamond Princess,Canada,0.0
2020-01-22,Falkland Islands (Malvinas),United Kingdom,0.0
2020-01-22,Faroe Islands,Denmark,0.0
2020-01-22,French Guiana,France,0.0
2020-01-22,French Polynesia,France,0.0
2020-01-22,Fujian,China,1.0
2020-01-22,Gansu,China,0.0
2020-01-22,Gibraltar,United Kingdom,0.0
2020-01-22,Grand Princess,Canada,0.0
2020-01-22,Greenland,Denmark,0.0
2020-01-22,Guadeloupe,France,0.0
2020-01-22,Guangdong,China,26.0
2020-01-22,Guangxi,China,2.0
2020-01-22,Guizhou,China,1.0
2020-01-22,Hainan,China,4.0
2020-01-22,Hebei,China,1.0
2020-01-22,Heilongjiang,China,0.0
2020-01-22,Henan,China,5.0
2020-01-22,Hong Kong,China,0.0
2020-01-22,Hubei,China,444.0
2020-01-22,Hunan,China,4.0
2020-01-22,Inner Mongolia,China,0.0
2020-01-22,Isle of Man,United Kingdom,0.0
2020-01-22,Jiangsu,China,1.0
2020-01-22,Jiangxi,China,2.0
2020-01-22,Jilin,China,0.0
2020-01-22,Liaoning,China,2.0
2020-01-22,Macau,China,1.0
2020-01-22,Manitoba,Canada,0.0
2020-01-22,Martinique,France,0.0
2020-01-22,Mayotte,France,0.0
2020-01-22,Montserrat,United Kingdom,0.0
2020-01-22,New Brunswick,Canada,0.0
2020-01-22,New Caledonia,France,0.0
2020-01-22,New South Wales,Australia,0.0
2020-01-22,Newfoundland and Labrador,Canada,0.0
2020-01-22,Ningxia,China,1.0
2020-01-22,Northern Territory,Australia,0.0
2020-01-22,Northwest Territories,Canada,0.0
2020-01-22,Nova Scotia,Canada,0.0
2020-01-22,Ontario,Canada,0.0
2020-01-22,Prince Edward Island,Canada,0.0
2020-01-22,Qinghai,China,0.0
2020-01-22,Quebec,Canada,0.0
2020-01-22,Queensland,Australia,0.0
2020-01-22,Reunion,France,0.0
2020-01-22,Saint Barthelemy,France,0.0
2020-01-22,Saint Pierre and Miquelon,France,0.0
2020-01-22,Saskatchewan,Canada,0.0
2020-01-22,Shaanxi,China,0.0
2020-01-22,Shandong,China,2.0
2020-01-22,Shanghai,China,9.0
2020-01-22,Shanxi,China,1.0
2020-01-22,Sichuan,China,5.0
2020-01-22,Sint Maarten,Netherlands,0.0
2020-01-22,South Australia,Australia,0.0
2020-01-22,St Martin,France,0.0
2020-01-22,Tasmania,Australia,0.0
2020-01-22,Tianjin,China,4.0
2020-01-22,Tibet,China,0.0
2020-01-22,Turks and Caicos Islands,United Kingdom,0.0
2020-01-22,Victoria,Australia,0.0
2020-01-22,Western Australia,Australia,0.0
2020-01-22,Xinjiang,China,0.0
2020-01-22,Yukon,Canada,0.0
2020-01-22,Yunnan,China,1.0
2020-01-22,Zhejiang,China,10.0
2020-01-22,no,Afghanistan,0.0
2020-01-22,no,Albania,0.0
2020-01-22,no,Algeria,0.0
2020-01-22,no,Andorra,0.0
2020-01-22,no,Angola,0.0
2020-01-22,no,Antigua and Barbuda,0.0
2020-01-22,no,Argentina,0.0
2020-01-22,no,Armenia,0.0
2020-01-22,no,Austria,0.0
2020-01-22,no,Azerbaijan,0.0
2020-01-22,no,Bahamas,0.0
2020-01-22,no,Bahrain,0.0
2020-01-22,no,Bangladesh,0.0
2020-01-22,no,Barbados,0.0
2020-01-22,no,Belarus,0.0
2020-01-22,no,Belgium,0.0
2020-01-22,no,Belize,0.0
2020-01-22,no,Benin,0.0
2020-01-22,no,Bhutan,0.0
2020-01-22,no,Bolivia,0.0
2020-01-22,no,Bosnia and Herzegovina,0.0
2020-01-22,no,Botswana,0.0
2020-01-22,no,Brazil,0.0
2020-01-22,no,Brunei,0.0
2020-01-22,no,Bulgaria,0.0
2020-01-22,no,Burkina Faso,0.0
2020-01-22,no,Burma,0.0
2020-01-22,no,Burundi,0.0
2020-01-22,no,Cabo Verde,0.0
2020-01-22,no,Cambodia,0.0
2020-01-22,no,Cameroon,0.0
2020-01-22,no,Central African Republic,0.0
2020-01-22,no,Chad,0.0
2020-01-22,no,Chile,0.0
2020-01-22,no,Colombia,0.0
2020-01-22,no,Comoros,0.0
2020-01-22,no,Congo (Brazzaville),0.0
2020-01-22,no,Congo (Kinshasa),0.0
2020-01-22,no,Costa Rica,0.0
2020-01-22,no,Cote d'Ivoire,0.0
2020-01-22,no,Croatia,0.0
2020-01-22,no,Cuba,0.0
2020-01-22,no,Cyprus,0.0
2020-01-22,no,Czechia,0.0
2020-01-22,no,Denmark,0.0
2020-01-22,no,Diamond Princess,0.0
2020-01-22,no,Djibouti,0.0
2020-01-22,no,Dominica,0.0
2020-01-22,no,Dominican Republic,0.0
2020-01-22,no,Ecuador,0.0
2020-01-22,no,Egypt,0.0
2020-01-22,no,El Salvador,0.0
2020-01-22,no,Equatorial Guinea,0.0
2020-01-22,no,Eritrea,0.0
2020-01-22,no,Estonia,0.0
2020-01-22,no,Eswatini,0.0
2020-01-22,no,Ethiopia,0.0
2020-01-22,no,Fiji,0.0
2020-01-22,no,Finland,0.0
2020-01-22,no,France,0.0
2020-01-22,no,Gabon,0.0
2020-01-22,no,Gambia,0.0
2020-01-22,no,Georgia,0.0
2020-01-22,no,Germany,0.0
2020-01-22,no,Ghana,0.0
2020-01-22,no,Greece,0.0
2020-01-22,no,Grenada,0.0
2020-01-22,no,Guatemala,0.0
2020-01-22,no,Guinea,0.0
2020-01-22,no,Guinea-Bissau,0.0
2020-01-22,no,Guyana,0.0
2020-01-22,no,Haiti,0.0
2020-01-22,no,Holy See,0.0
2020-01-22,no,Honduras,0.0
2020-01-22,no,Hungary,0.0
2020-01-22,no,Iceland,0.0
2020-01-22,no,India,0.0
2020-01-22,no,Indonesia,0.0
2020-01-22,no,Iran,0.0
2020-01-22,no,Iraq,0.0
2020-01-22,no,Ireland,0.0
2020-01-22,no,Israel,0.0
2020-01-22,no,Italy,0.0
2020-01-22,no,Jamaica,0.0
2020-01-22,no,Japan,2.0
2020-01-22,no,Jordan,0.0
2020-01-22,no,Kazakhstan,0.0
2020-01-22,no,Kenya,0.0
2020-01-22,no,"Korea, South",1.0
2020-01-22,no,Kosovo,0.0
2020-01-22,no,Kuwait,0.0
2020-01-22,no,Kyrgyzstan,0.0
2020-01-22,no,Laos,0.0
2020-01-22,no,Latvia,0.0
2020-01-22,no,Lebanon,0.0
2020-01-22,no,Lesotho,0.0
2020-01-22,no,Liberia,0.0
2020-01-22,no,Libya,0.0
2020-01-22,no,Liechtenstein,0.0
2020-01-22,no,Lithuania,0.0
2020-01-22,no,Luxembourg,0.0
2020-01-22,no,MS Zaandam,0.0
2020-01-22,no,Madagascar,0.0
2020-01-22,no,Malawi,0.0
2020-01-22,no,Malaysia,0.0
2020-01-22,no,Maldives,0.0
2020-01-22,no,Mali,0.0
2020-01-22,no,Malta,0.0
2020-01-22,no,Mauritania,0.0
2020-01-22,no,Mauritius,0.0
2020-01-22,no,Mexico,0.0
2020-01-22,no,Moldova,0.0
2020-01-22,no,Monaco,0.0
2020-01-22,no,Mongolia,0.0
2020-01-22,no,Montenegro,0.0
2020-01-22,no,Morocco,0.0
2020-01-22,no,Mozambique,0.0
2020-01-22,no,Namibia,0.0
2020-01-22,no,Nepal,0.0
2020-01-22,no,Netherlands,0.0
2020-01-22,no,New Zealand,0.0
2020-01-22,no,Nicaragua,0.0
2020-01-22,no,Niger,0.0
2020-01-22,no,Nigeria,0.0
2020-01-22,no,North Macedonia,0.0
2020-01-22,no,Norway,0.0
2020-01-22,no,Oman,0.0
2020-01-22,no,Pakistan,0.0
2020-01-22,no,Panama,0.0
2020-01-22,no,Papua New Guinea,0.0
2020-01-22,no,Paraguay,0.0
2020-01-22,no,Peru,0.0
2020-01-22,no,Philippines,0.0
2020-01-22,no,Poland,0.0
2020-01-22,no,Portugal,0.0
2020-01-22,no,Qatar,0.0
2020-01-22,no,Romania,0.0
2020-01-22,no,Russia,0.0
2020-01-22,no,Rwanda,0.0
2020-01-22,no,Saint Kitts and Nevis,0.0
2020-01-22,no,Saint Lucia,0.0
2020-01-22,no,Saint Vincent and the Grenadines,0.0
2020-01-22,no,San Marino,0.0
2020-01-22,no,Sao Tome and Principe,0.0
2020-01-22,no,Saudi Arabia,0.0
2020-01-22,no,Senegal,0.0
2020-01-22,no,Serbia,0.0
2020-01-22,no,Seychelles,0.0
2020-01-22,no,Sierra Leone,0.0
2020-01-22,no,Singapore,0.0
2020-01-22,no,Slovakia,0.0
2020-01-22,no,Slovenia,0.0
2020-01-22,no,Somalia,0.0
2020-01-22,no,South Africa,0.0
2020-01-22,no,South Sudan,0.0
2020-01-22,no,Spain,0.0
2020-01-22,no,Sri Lanka,0.0
2020-01-22,no,Sudan,0.0
2020-01-22,no,Suriname,0.0
2020-01-22,no,Sweden,0.0
2020-01-22,no,Switzerland,0.0
2020-01-22,no,Syria,0.0
2020-01-22,no,Taiwan*,1.0
2020-01-22,no,Tajikistan,0.0
2020-01-22,no,Tanzania,0.0
2020-01-22,no,Thailand,2.0
2020-01-22,no,Timor-Leste,0.0
2020-01-22,no,Togo,0.0
2020-01-22,no,Trinidad and Tobago,0.0
2020-01-22,no,Tunisia,0.0
2020-01-22,no,Turkey,0.0
2020-01-22,no,US,1.0
2020-01-22,no,Uganda,0.0
2020-01-22,no,Ukraine,0.0
2020-01-22,no,United Arab Emirates,0.0
2020-01-22,no,United Kingdom,0.0
2020-01-22,no,Uruguay,0.0
2020-01-22,no,Uzbekistan,0.0
2020-01-22,no,Venezuela,0.0
2020-01-22,no,Vietnam,0.0
2020-01-22,no,West Bank and Gaza,0.0
2020-01-22,no,Western Sahara,0.0
2020-01-22,no,Yemen,0.0
2020-01-22,no,Zambia,0.0
2020-01-22,no,Zimbabwe,0.0
2020-01-23,Alberta,Canada,0.0
2020-01-23,Anguilla,United Kingdom,0.0
2020-01-23,Anhui,China,9.0
2020-01-23,Aruba,Netherlands,0.0
2020-01-23,Australian Capital Territory,Australia,0.0
2020-01-23,Beijing,China,22.0
2020-01-23,Bermuda,United Kingdom,0.0
2020-01-23,"Bonaire, Sint Eustatius and Saba",Netherlands,0.0
2020-01-23,British Columbia,Canada,0.0
2020-01-23,British Virgin Islands,United Kingdom,0.0
2020-01-23,Cayman Islands,United Kingdom,0.0
2020-01-23,Channel Islands,United Kingdom,0.0
2020-01-23,Chongqing,China,9.0
2020-01-23,Curacao,Netherlands,0.0
2020-01-23,Diamond Princess,Canada,0.0
2020-01-23,Falkland Islands (Malvinas),United Kingdom,0.0
2020-01-23,Faroe Islands,Denmark,0.0
2020-01-23,French Guiana,France,0.0
2020-01-23,French Polynesia,France,0.0
2020-01-23,Fujian,China,5.0
2020-01-23,Gansu,China,2.0
2020-01-23,Gibraltar,United Kingdom,0.0
2020-01-23,Grand Princess,Canada,0.0
2020-01-23,Greenland,Denmark,0.0
2020-01-23,Guadeloupe,France,0.0
2020-01-23,Guangdong,China,32.0
2020-01-23,Guangxi,China,5.0
2020-01-23,Guizhou,China,3.0
2020-01-23,Hainan,China,5.0
2020-01-23,Hebei,China,1.0
2020-01-23,Heilongjiang,China,2.0
2020-01-23,Henan,China,5.0
2020-01-23,Hong Kong,China,2.0
2020-01-23,Hubei,China,444.0
2020-01-23,Hunan,China,9.0
2020-01-23,Inner Mongolia,China,0.0
2020-01-23,Isle of Man,United Kingdom,0.0
2020-01-23,Jiangsu,China,5.0
2020-01-23,Jiangxi,China,7.0
2020-01-23,Jilin,China,1.0
2020-01-23,Liaoning,China,3.0
2020-01-23,Macau,China,2.0
2020-01-23,Manitoba,Canada,0.0
2020-01-23,Martinique,France,0.0
2020-01-23,Mayotte,France,0.0
2020-01-23,Montserrat,United Kingdom,0.0
2020-01-23,New Brunswick,Canada,0.0
2020-01-23,New Caledonia,France,0.0
2020-01-23,New South Wales,Australia,0.0
2020-01-23,Newfoundland and Labrador,Canada,0.0
2020-01-23,Ningxia,China,1.0
2020-01-23,Northern Territory,Australia,0.0
2020-01-23,Northwest Territories,Canada,0.0
2020-01-23,Nova Scotia,Canada,0.0
2020-01-23,Ontario,Canada,0.0
2020-01-23,Prince Edward Island,Canada,0.0
2020-01-23,Qinghai,China,0.0
2020-01-23,Quebec,Canada,0.0
2020-01-23,Queensland,Australia,0.0
2020-01-23,Reunion,France,0.0
2020-01-23,Saint Barthelemy,France,0.0
2020-01-23,Saint Pierre and Miquelon,France,0.0
2020-01-23,Saskatchewan,Canada,0.0
2020-01-23,Shaanxi,China,3.0
2020-01-23,Shandong,China,6.0
2020-01-23,Shanghai,China,16.0
2020-01-23,Shanxi,China,1.0
2020-01-23,Sichuan,China,8.0
2020-01-23,Sint Maarten,Netherlands,0.0
2020-01-23,South Australia,Australia,0.0
2020-01-23,St Martin,France,0.0
2020-01-23,Tasmania,Australia,0.0
2020-01-23,Tianjin,China,4.0
2020-01-23,Tibet,China,0.0
2020-01-23,Turks and Caicos Islands,United Kingdom,0.0
2020-01-23,Victoria,Australia,0.0
2020-01-23,Western Australia,Australia,0.0
2020-01-23,Xinjiang,China,2.0
2020-01-23,Yukon,Canada,0.0
2020-01-23,Yunnan,China,2.0
2020-01-23,Zhejiang,China,27.0
2020-01-23,no,Afghanistan,0.0
2020-01-23,no,Albania,0.0
2020-01-23,no,Algeria,0.0
2020-01-23,no,Andorra,0.0
2020-01-23,no,Angola,0.0
2020-01-23,no,Antigua and Barbuda,0.0
2020-01-23,no,Argentina,0.0
2020-01-23,no,Armenia,0.0
2020-01-23,no,Austria,0.0
2020-01-23,no,Azerbaijan,0.0
2020-01-23,no,Bahamas,0.0
2020-01-23,no,Bahrain,0.0
2020-01-23,no,Bangladesh,0.0
2020-01-23,no,Barbados,0.0
2020-01-23,no,Belarus,0.0
2020-01-23,no,Belgium,0.0
2020-01-23,no,Belize,0.0
2020-01-23,no,Benin,0.0
2020-01-23,no,Bhutan,0.0
2020-01-23,no,Bolivia,0.0
2020-01-23,no,Bosnia and Herzegovina,0.0
2020-01-23,no,Botswana,0.0
2020-01-23,no,Brazil,0.0
2020-01-23,no,Brunei,0.0
2020-01-23,no,Bulgaria,0.0
2020-01-23,no,Burkina Faso,0.0
2020-01-23,no,Burma,0.0
2020-01-23,no,Burundi,0.0
2020-01-23,no,Cabo Verde,0.0
2020-01-23,no,Cambodia,0.0
2020-01-23,no,Cameroon,0.0
2020-01-23,no,Central African Republic,0.0
2020-01-23,no,Chad,0.0
2020-01-23,no,Chile,0.0
2020-01-23,no,Colombia,0.0
2020-01-23,no,Comoros,0.0
2020-01-23,no,Congo (Brazzaville),0.0
2020-01-23,no,Congo (Kinshasa),0.0
2020-01-23,no,Costa Rica,0.0
2020-01-23,no,Cote d'Ivoire,0.0
2020-01-23,no,Croatia,0.0
2020-01-23,no,Cuba,0.0
2020-01-23,no,Cyprus,0.0
2020-01-23,no,Czechia,0.0
2020-01-23,no,Denmark,0.0
2020-01-23,no,Diamond Princess,0.0
2020-01-23,no,Djibouti,0.0
2020-01-23,no,Dominica,0.0
2020-01-23,no,Dominican Republic,0.0
2020-01-23,no,Ecuador,0.0
2020-01-23,no,Egypt,0.0
2020-01-23,no,El Salvador,0.0
2020-01-23,no,Equatorial Guinea,0.0
2020-01-23,no,Eritrea,0.0
2020-01-23,no,Estonia,0.0
2020-01-23,no,Eswatini,0.0
2020-01-23,no,Ethiopia,0.0
2020-01-23,no,Fiji,0.0
2020-01-23,no,Finland,0.0
2020-01-23,no,France,0.0
2020-01-23,no,Gabon,0.0
2020-01-23,no,Gambia,0.0
2020-01-23,no,Georgia,0.0
2020-01-23,no,Germany,0.0
2020-01-23,no,Ghana,0.0
2020-01-23,no,Greece,0.0
2020-01-23,no,Grenada,0.0
2020-01-23,no,Guatemala,0.0
2020-01-23,no,Guinea,0.0
2020-01-23,no,Guinea-Bissau,0.0
2020-01-23,no,Guyana,0.0
2020-01-23,no,Haiti,0.0
2020-01-23,no,Holy See,0.0
2020-01-23,no,Honduras,0.0
2020-01-23,no,Hungary,0.0
2020-01-23,no,Iceland,0.0
2020-01-23,no,India,0.0
2020-01-23,no,Indonesia,0.0
2020-01-23,no,Iran,0.0
2020-01-23,no,Iraq,0.0
2020-01-23,no,Ireland,0.0
2020-01-23,no,Israel,0.0
2020-01-23,no,Italy,0.0
2020-01-23,no,Jamaica,0.0
2020-01-23,no,Japan,2.0
2020-01-23,no,Jordan,0.0
2020-01-23,no,Kazakhstan,0.0
2020-01-23,no,Kenya,0.0
2020-01-23,no,"Korea, South",1.0
2020-01-23,no,Kosovo,0.0
2020-01-23,no,Kuwait,0.0
2020-01-23,no,Kyrgyzstan,0.0
2020-01-23,no,Laos,0.0
2020-01-23,no,Latvia,0.0
2020-01-23,no,Lebanon,0.0
2020-01-23,no,Lesotho,0.0
2020-01-23,no,Liberia,0.0
2020-01-23,no,Libya,0.0
2020-01-23,no,Liechtenstein,0.0
2020-01-23,no,Lithuania,0.0
2020-01-23,no,Luxembourg,0.0
2020-01-23,no,MS Zaandam,0.0
2020-01-23,no,Madagascar,0.0
2020-01-23,no,Malawi,0.0
2020-01-23,no,Malaysia,0.0
2020-01-23,no,Maldives,0.0
2020-01-23,no,Mali,0.0
2020-01-23,no,Malta,0.0
2020-01-23,no,Mauritania,0.0
2020-01-23,no,Mauritius,0.0
2020-01-23,no,Mexico,0.0
2020-01-23,no,Moldova,0.0
2020-01-23,no,Monaco,0.0
2020-01-23,no,Mongolia,0.0
2020-01-23,no,Montenegro,0.0
2020-01-23,no,Morocco,0.0
2020-01-23,no,Mozambique,0.0
2020-01-23,no,Namibia,0.0
2020-01-23,no,Nepal,0.0
2020-01-23,no,Netherlands,0.0
2020-01-23,no,New Zealand,0.0
2020-01-23,no,Nicaragua,0.0
2020-01-23,no,Niger,0.0
2020-01-23,no,Nigeria,0.0
2020-01-23,no,North Macedonia,0.0
2020-01-23,no,Norway,0.0
2020-01-23,no,Oman,0.0
2020-01-23,no,Pakistan,0.0
2020-01-23,no,Panama,0.0
2020-01-23,no,Papua New Guinea,0.0
2020-01-23,no,Paraguay,0.0
2020-01-23,no,Peru,0.0
2020-01-23,no,Philippines,0.0
2020-01-23,no,Poland,0.0
2020-01-23,no,Portugal,0.0
2020-01-23,no,Qatar,0.0
2020-01-23,no,Romania,0.0
2020-01-23,no,Russia,0.0
2020-01-23,no,Rwanda,0.0
2020-01-23,no,Saint Kitts and Nevis,0.0
2020-01-23,no,Saint Lucia,0.0
2020-01-23,no,Saint Vincent and the Grenadines,0.0
2020-01-23,no,San Marino,0.0
2020-01-23,no,Sao Tome and Principe,0.0
2020-01-23,no,Saudi Arabia,0.0
2020-01-23,no,Senegal,0.0
2020-01-23,no,Serbia,0.0
2020-01-23,no,Seychelles,0.0
2020-01-23,no,Sierra Leone,0.0
2020-01-23,no,Singapore,1.0
2020-01-23,no,Slovakia,0.0
2020-01-23,no,Slovenia,0.0
2020-01-23,no,Somalia,0.0
2020-01-23,no,South Africa,0.0
2020-01-23,no,South Sudan,0.0
2020-01-23,no,Spain,0.0
2020-01-23,no,Sri Lanka,0.0
2020-01-23,no,Sudan,0.0
2020-01-23,no,Suriname,0.0
2020-01-23,no,Sweden,0.0
2020-01-23,no,Switzerland,0.0
2020-01-23,no,Syria,0.0
2020-01-23,no,Taiwan*,1.0
2020-01-23,no,Tajikistan,0.0
2020-01-23,no,Tanzania,0.0
2020-01-23,no,Thailand,3.0
2020-01-23,no,Timor-Leste,0.0
2020-01-23,no,Togo,0.0
2020-01-23,no,Trinidad and Tobago,0.0
2020-01-23,no,Tunisia,0.0
2020-01-23,no,Turkey,0.0
2020-01-23,no,US,1.0
2020-01-23,no,Uganda,0.0
2020-01-23,no,Ukraine,0.0
2020-01-23,no,United Arab Emirates,0.0
2020-01-23,no,United Kingdom,0.0
2020-01-23,no,Uruguay,0.0
2020-01-23,no,Uzbekistan,0.0
2020-01-23,no,Venezuela,0.0
2020-01-23,no,Vietnam,2.0
2020-01-23,no,West Bank and Gaza,0.0
2020-01-23,no,Western Sahara,0.0
2020-01-23,no,Yemen,0.0
2020-01-23,no,Zambia,0.0
2020-01-23,no,Zimbabwe,0.0
2020-01-24,Alberta,Canada,0.0
2020-01-24,Anguilla,United Kingdom,0.0
2020-01-24,Anhui,China,15.0
2020-01-24,Aruba,Netherlands,0.0
2020-01-24,Australian Capital Territory,Australia,0.0
2020-01-24,Beijing,China,36.0
2020-01-24,Bermuda,United Kingdom,0.0
2020-01-24,"Bonaire, Sint Eustatius and Saba",Netherlands,0.0
2020-01-24,British Columbia,Canada,0.0
2020-01-24,British Virgin Islands,United Kingdom,0.0
2020-01-24,Cayman Islands,United Kingdom,0.0
2020-01-24,Channel Islands,United Kingdom,0.0
2020-01-24,Chongqing,China,27.0
2020-01-24,Curacao,Netherlands,0.0
2020-01-24,Diamond Princess,Canada,0.0
2020-01-24,Falkland Islands (Malvinas),United Kingdom,0.0
2020-01-24,Faroe Islands,Denmark,0.0
2020-01-24,French Guiana,France,0.0
2020-01-24,French Polynesia,France,0.0
2020-01-24,Fujian,China,10.0
2020-01-24,Gansu,China,2.0
2020-01-24,Gibraltar,United Kingdom,0.0
2020-01-24,Grand Princess,Canada,0.0
2020-01-24,Greenland,Denmark,0.0
2020-01-24,Guadeloupe,France,0.0
2020-01-24,Guangdong,China,53.0
2020-01-24,Guangxi,China,23.0
2020-01-24,Guizhou,China,3.0
2020-01-24,Hainan,China,8.0
2020-01-24,Hebei,China,2.0
2020-01-24,Heilongjiang,China,4.0
2020-01-24,Henan,China,9.0
2020-01-24,Hong Kong,China,2.0
2020-01-24,Hubei,China,549.0
2020-01-24,Hunan,China,24.0
2020-01-24,Inner Mongolia,China,1.0
2020-01-24,Isle of Man,United Kingdom,0.0
2020-01-24,Jiangsu,China,9.0
2020-01-24,Jiangxi,China,18.0
2020-01-24,Jilin,China,3.0
2020-01-24,Liaoning,China,4.0
2020-01-24,Macau,China,2.0
2020-01-24,Manitoba,Canada,0.0
2020-01-24,Martinique,France,0.0
2020-01-24,Mayotte,France,0.0
2020-01-24,Montserrat,United Kingdom,0.0
2020-01-24,New Brunswick,Canada,0.0
2020-01-24,New Caledonia,France,0.0
2020-01-24,New South Wales,Australia,0.0
2020-01-24,Newfoundland and Labrador,Canada,0.0
2020-01-24,Ningxia,China,2.0
2020-01-24,Northern Territory,Australia,0.0
2020-01-24,Northwest Territories,Canada,0.0
2020-01-24,Nova Scotia,Canada,0.0
2020-01-24,Ontario,Canada,0.0
2020-01-24,Prince Edward Island,Canada,0.0
2020-01-24,Qinghai,China,0.0
2020-01-24,Quebec,Canada,0.0
2020-01-24,Queensland,Australia,0.0
2020-01-24,Reunion,France,0.0
2020-01-24,Saint Barthelemy,France,0.0
2020-01-24,Saint Pierre and Miquelon,France,0.0
2020-01-24,Saskatchewan,Canada,0.0
2020-01-24,Shaanxi,China,5.0
2020-01-24,Shandong,China,15.0
2020-01-24,Shanghai,China,20.0
2020-01-24,Shanxi,China,1.0
2020-01-24,Sichuan,China,15.0
2020-01-24,Sint Maarten,Netherlands,0.0
2020-01-24,South Australia,Australia,0.0
2020-01-24,St Martin,France,0.0
2020-01-24,Tasmania,Australia,0.0
2020-01-24,Tianjin,China,8.0
2020-01-24,Tibet,China,0.0
2020-01-24,Turks and Caicos Islands,United Kingdom,0.0
2020-01-24,Victoria,Australia,0.0
2020-01-24,Western Australia,Australia,0.0
2020-01-24,Xinjiang,China,2.0
2020-01-24,Yukon,Canada,0.0
2020-01-24,Yunnan,China,5.0
2020-01-24,Zhejiang,China,43.0
2020-01-24,no,Afghanistan,0.0
2020-01-24,no,Albania,0.0
2020-01-24,no,Algeria,0.0
2020-01-24,no,Andorra,0.0
2020-01-24,no,Angola,0.0
2020-01-24,no,Antigua and Barbuda,0.0
2020-01-24,no,Argentina,0.0
2020-01-24,no,Armenia,0.0
2020-01-24,no,Austria,0.0
2020-01-24,no,Azerbaijan,0.0
2020-01-24,no,Bahamas,0.0
2020-01-24,no,Bahrain,0.0
2020-01-24,no,Bangladesh,0.0
2020-01-24,no,Barbados,0.0
2020-01-24,no,Belarus,0.0
2020-01-24,no,Belgium,0.0
2020-01-24,no,Belize,0.0
2020-01-24,no,Benin,0.0
2020-01-24,no,Bhutan,0.0
2020-01-24,no,Bolivia,0.0
2020-01-24,no,Bosnia and Herzegovina,0.0
2020-01-24,no,Botswana,0.0
2020-01-24,no,Brazil,0.0
2020-01-24,no,Brunei,0.0
2020-01-24,no,Bulgaria,0.0
2020-01-24,no,Burkina Faso,0.0
2020-01-24,no,Burma,0.0
2020-01-24,no,Burundi,0.0
2020-01-24,no,Cabo Verde,0.0
2020-01-24,no,Cambodia,0.0
2020-01-24,no,Cameroon,0.0
2020-01-24,no,Central African Republic,0.0
2020-01-24,no,Chad,0.0
2020-01-24,no,Chile,0.0
2020-01-24,no,Colombia,0.0
2020-01-24,no,Comoros,0.0
2020-01-24,no,Congo (Brazzaville),0.0
2020-01-24,no,Congo (Kinshasa),0.0
2020-01-24,no,Costa Rica,0.0
2020-01-24,no,Cote d'Ivoire,0.0
2020-01-24,no,Croatia,0.0
2020-01-24,no,Cuba,0.0
2020-01-24,no,Cyprus,0.0
2020-01-24,no,Czechia,0.0
2020-01-24,no,Denmark,0.0
2020-01-24,no,Diamond Princess,0.0
2020-01-24,no,Djibouti,0.0
2020-01-24,no,Dominica,0.0
2020-01-24,no,Dominican Republic,0.0
2020-01-24,no,Ecuador,0.0
2020-01-24,no,Egypt,0.0
2020-01-24,no,El Salvador,0.0
2020-01-24,no,Equatorial Guinea,0.0
2020-01-24,no,Eritrea,0.0
2020-01-24,no,Estonia,0.0
2020-01-24,no,Eswatini,0.0
2020-01-24,no,Ethiopia,0.0
2020-01-24,no,Fiji,0.0
2020-01-24,no,Finland,0.0
2020-01-24,no,France,2.0
2020-01-24,no,Gabon,0.0
2020-01-24,no,Gambia,0.0
2020-01-24,no,Georgia,0.0
2020-01-24,no,Germany,0.0
2020-01-24,no,Ghana,0.0
2020-01-24,no,Greece,0.0
2020-01-24,no,Grenada,0.0
2020-01-24,no,Guatemala,0.0
2020-01-24,no,Guinea,0.0
2020-01-24,no,Guinea-Bissau,0.0
2020-01-24,no,Guyana,0.0
2020-01-24,no,Haiti,0.0
2020-01-24,no,Holy See,0.0
2020-01-24,no,Honduras,0.0
2020-01-24,no,Hungary,0.0
2020-01-24,no,Iceland,0.0
2020-01-24,no,India,0.0
2020-01-24,no,Indonesia,0.0
2020-01-24,no,Iran,0.0
2020-01-24,no,Iraq,0.0
2020-01-24,no,Ireland,0.0
2020-01-24,no,Israel,0.0
2020-01-24,no,Italy,0.0
2020-01-24,no,Jamaica,0.0
2020-01-24,no,Japan,2.0
2020-01-24,no,Jordan,0.0
2020-01-24,no,Kazakhstan,0.0
2020-01-24,no,Kenya,0.0
2020-01-24,no,"Korea, South",2.0
2020-01-24,no,Kosovo,0.0
2020-01-24,no,Kuwait,0.0
2020-01-24,no,Kyrgyzstan,0.0
2020-01-24,no,Laos,0.0
2020-01-24,no,Latvia,0.0
2020-01-24,no,Lebanon,0.0
2020-01-24,no,Lesotho,0.0
2020-01-24,no,Liberia,0.0
2020-01-24,no,Libya,0.0
2020-01-24,no,Liechtenstein,0.0
2020-01-24,no,Lithuania,0.0
2020-01-24,no,Luxembourg,0.0
2020-01-24,no,MS Zaandam,0.0
2020-01-24,no,Madagascar,0.0
2020-01-24,no,Malawi,0.0
2020-01-24,no,Malaysia,0.0
2020-01-24,no,Maldives,0.0
2020-01-24,no,Mali,0.0
2020-01-24,no,Malta,0.0
2020-01-24,no,Mauritania,0.0
2020-01-24,no,Mauritius,0.0
2020-01-24,no,Mexico,0.0
2020-01-24,no,Moldova,0.0
2020-01-24,no,Monaco,0.0
2020-01-24,no,Mongolia,0.0
2020-01-24,no,Montenegro,0.0
2020-01-24,no,Morocco,0.0
2020-01-24,no,Mozambique,0.0
2020-01-24,no,Namibia,0.0
2020-01-24,no,Nepal,0.0
2020-01-24,no,Netherlands,0.0
2020-01-24,no,New Zealand,0.0
2020-01-24,no,Nicaragua,0.0
2020-01-24,no,Niger,0.0
2020-01-24,no,Nigeria,0.0
2020-01-24,no,North Macedonia,0.0
2020-01-24,no,Norway,0.0
2020-01-24,no,Oman,0.0
2020-01-24,no,Pakistan,0.0
2020-01-24,no,Panama,0.0
2020-01-24,no,Papua New Guinea,0.0
2020-01-24,no,Paraguay,0.0
2020-01-24,no,Peru,0.0
2020-01-24,no,Philippines,0.0
2020-01-24,no,Poland,0.0
2020-01-24,no,Portugal,0.0
2020-01-24,no,Qatar,0.0
2020-01-24,no,Romania,0.0
2020-01-24,no,Russia,0.0
2020-01-24,no,Rwanda,0.0
2020-01-24,no,Saint Kitts and Nevis,0.0
2020-01-24,no,Saint Lucia,0.0
2020-01-24,no,Saint Vincent and the Grenadines,0.0
2020-01-24,no,San Marino,0.0
2020-01-24,no,Sao Tome and Principe,0.0
2020-01-24,no,Saudi Arabia,0.0
2020-01-24,no,Senegal,0.0
2020-01-24,no,Serbia,0.0
2020-01-24,no,Seychelles,0.0
2020-01-24,no,Sierra Leone,0.0
2020-01-24,no,Singapore,3.0
2020-01-24,no,Slovakia,0.0
2020-01-24,no,Slovenia,0.0
2020-01-24,no,Somalia,0.0
2020-01-24,no,South Africa,0.0
2020-01-24,no,South Sudan,0.0
2020-01-24,no,Spain,0.0
2020-01-24,no,Sri Lanka,0.0
2020-01-24,no,Sudan,0.0
2020-01-24,no,Suriname,0.0
2020-01-24,no,Sweden,0.0
2020-01-24,no,Switzerland,0.0
2020-01-24,no,Syria,0.0
2020-01-24,no,Taiwan*,3.0
2020-01-24,no,Tajikistan,0.0
2020-01-24,no,Tanzania,0.0
2020-01-24,no,Thailand,5.0
2020-01-24,no,Timor-Leste,0.0
2020-01-24,no,Togo,0.0
2020-01-24,no,Trinidad and Tobago,0.0
2020-01-24,no,Tunisia,0.0
2020-01-24,no,Turkey,0.0
2020-01-24,no,US,2.0
2020-01-24,no,Uganda,0.0
2020-01-24,no,Ukraine,0.0
2020-01-24,no,United Arab Emirates,0.0
2020-01-24,no,United Kingdom,0.0
2020-01-24,no,Uruguay,0.0
2020-01-24,no,Uzbekistan,0.0
2020-01-24,no,Venezuela,0.0
2020-01-24,no,Vietnam,2.0
2020-01-24,no,West Bank and Gaza,0.0
2020-01-24,no,Western Sahara,0.0
2020-01-24,no,Yemen,0.0
2020-01-24,no,Zambia,0.0
2020-01-24,no,Zimbabwe,0.0
2020-01-25,Alberta,Canada,0.0
2020-01-25,Anguilla,United Kingdom,0.0
2020-01-25,Anhui,China,39.0
2020-01-25,Aruba,Netherlands,0.0
2020-01-25,Australian Capital Territory,Australia,0.0
2020-01-25,Beijing,China,41.0
2020-01-25,Bermuda,United Kingdom,0.0
2020-01-25,"Bonaire, Sint Eustatius and Saba",Netherlands,0.0
2020-01-25,British Columbia,Canada,0.0
2020-01-25,British Virgin Islands,United Kingdom,0.0
2020-01-25,Cayman Islands,United Kingdom,0.0
2020-01-25,Channel Islands,United Kingdom,0.0
2020-01-25,Chongqing,China,57.0
2020-01-25,Curacao,Netherlands,0.0
2020-01-25,Diamond Princess,Canada,0.0
2020-01-25,Falkland Islands (Malvinas),United Kingdom,0.0
2020-01-25,Faroe Islands,Denmark,0.0
2020-01-25,French Guiana,France,0.0
2020-01-25,French Polynesia,France,0.0
2020-01-25,Fujian,China,18.0
2020-01-25,Gansu,China,4.0
2020-01-25,Gibraltar,United Kingdom,0.0
2020-01-25,Grand Princess,Canada,0.0
2020-01-25,Greenland,Denmark,0.0
2020-01-25,Guadeloupe,France,0.0
2020-01-25,Guangdong,China,78.0
2020-01-25,Guangxi,China,23.0
2020-01-25,Guizhou,China,4.0
2020-01-25,Hainan,China,19.0
2020-01-25,Hebei,China,8.0
2020-01-25,Heilongjiang,China,9.0
2020-01-25,Henan,China,32.0
2020-01-25,Hong Kong,China,5.0
2020-01-25,Hubei,China,761.0
2020-01-25,Hunan,China,43.0
2020-01-25,Inner Mongolia,China,7.0
2020-01-25,Isle of Man,United Kingdom,0.0
2020-01-25,Jiangsu,China,18.0
2020-01-25,Jiangxi,China,18.0
2020-01-25,Jilin,China,4.0
2020-01-25,Liaoning,China,17.0
2020-01-25,Macau,China,2.0
2020-01-25,Manitoba,Canada,0.0
2020-01-25,Martinique,France,0.0
2020-01-25,Mayotte,France,0.0
2020-01-25,Montserrat,United Kingdom,0.0
2020-01-25,New Brunswick,Canada,0.0
2020-01-25,New Caledonia,France,0.0
2020-01-25,New South Wales,Australia,0.0
2020-01-25,Newfoundland and Labrador,Canada,0.0
2020-01-25,Ningxia,China,3.0
2020-01-25,Northern Territory,Australia,0.0
2020-01-25,Northwest Territories,Canada,0.0
2020-01-25,Nova Scotia,Canada,0.0
2020-01-25,Ontario,Canada,0.0
2020-01-25,Prince Edward Island,Canada,0.0
2020-01-25,Qinghai,China,1.0
2020-01-25,Quebec,Canada,0.0
2020-01-25,Queensland,Australia,0.0
2020-01-25,Reunion,France,0.0
2020-01-25,Saint Barthelemy,France,0.0
2020-01-25,Saint Pierre and Miquelon,France,0.0
2020-01-25,Saskatchewan,Canada,0.0
2020-01-25,Shaanxi,China,15.0
2020-01-25,Shandong,China,27.0
2020-01-25,Shanghai,China,33.0
2020-01-25,Shanxi,China,6.0
2020-01-25,Sichuan,China,28.0
2020-01-25,Sint Maarten,Netherlands,0.0
2020-01-25,South Australia,Australia,0.0
2020-01-25,St Martin,France,0.0
2020-01-25,Tasmania,Australia,0.0
2020-01-25,Tianjin,China,10.0
2020-01-25,Tibet,China,0.0
2020-01-25,Turks and Caicos Islands,United Kingdom,0.0
2020-01-25,Victoria,Australia,0.0
2020-01-25,Western Australia,Australia,0.0
2020-01-25,Xinjiang,China,3.0
2020-01-25,Yukon,Canada,0.0
2020-01-25,Yunnan,China,11.0
2020-01-25,Zhejiang,China,62.0
2020-01-25,no,Afghanistan,0.0
2020-01-25,no,Albania,0.0
2020-01-25,no,Algeria,0.0
2020-01-25,no,Andorra,0.0
2020-01-25,no,Angola,0.0
2020-01-25,no,Antigua and Barbuda,0.0
2020-01-25,no,Argentina,0.0
2020-01-25,no,Armenia,0.0
2020-01-25,no,Austria,0.0
2020-01-25,no,Azerbaijan,0.0
2020-01-25,no,Bahamas,0.0
2020-01-25,no,Bahrain,0.0
2020-01-25,no,Bangladesh,0.0
2020-01-25,no,Barbados,0.0
2020-01-25,no,Belarus,0.0
2020-01-25,no,Belgium,0.0
2020-01-25,no,Belize,0.0
2020-01-25,no,Benin,0.0
2020-01-25,no,Bhutan,0.0
2020-01-25,no,Bolivia,0.0
2020-01-25,no,Bosnia and Herzegovina,0.0
2020-01-25,no,Botswana,0.0
2020-01-25,no,Brazil,0.0
2020-01-25,no,Brunei,0.0
2020-01-25,no,Bulgaria,0.0
2020-01-25,no,Burkina Faso,0.0
2020-01-25,no,Burma,0.0
2020-01-25,no,Burundi,0.0
2020-01-25,no,Cabo Verde,0.0
2020-01-25,no,Cambodia,0.0
2020-01-25,no,Cameroon,0.0
2020-01-25,no,Central African Republic,0.0
2020-01-25,no,Chad,0.0
2020-01-25,no,Chile,0.0
2020-01-25,no,Colombia,0.0
2020-01-25,no,Comoros,0.0
2020-01-25,no,Congo (Brazzaville),0.0
2020-01-25,no,Congo (Kinshasa),0.0
2020-01-25,no,Costa Rica,0.0
2020-01-25,no,Cote d'Ivoire,0.0
2020-01-25,no,Croatia,0.0
2020-01-25,no,Cuba,0.0
2020-01-25,no,Cyprus,0.0
2020-01-25,no,Czechia,0.0
2020-01-25,no,Denmark,0.0
2020-01-25,no,Diamond Princess,0.0
2020-01-25,no,Djibouti,0.0
2020-01-25,no,Dominica,0.0
2020-01-25,no,Dominican Republic,0.0
2020-01-25,no,Ecuador,0.0
2020-01-25,no,Egypt,0.0
2020-01-25,no,El Salvador,0.0
2020-01-25,no,Equatorial Guinea,0.0
2020-01-25,no,Eritrea,0.0
2020-01-25,no,Estonia,0.0
2020-01-25,no,Eswatini,0.0
2020-01-25,no,Ethiopia,0.0
2020-01-25,no,Fiji,0.0
2020-01-25,no,Finland,0.0
2020-01-25,no,France,3.0
2020-01-25,no,Gabon,0.0
2020-01-25,no,Gambia,0.0
2020-01-25,no,Georgia,0.0
2020-01-25,no,Germany,0.0
2020-01-25,no,Ghana,0.0
2020-01-25,no,Greece,0.0
2020-01-25,no,Grenada,0.0
2020-01-25,no,Guatemala,0.0
2020-01-25,no,Guinea,0.0
2020-01-25,no,Guinea-Bissau,0.0
2020-01-25,no,Guyana,0.0
2020-01-25,no,Haiti,0.0
2020-01-25,no,Holy See,0.0
2020-01-25,no,Honduras,0.0
2020-01-25,no,Hungary,0.0
2020-01-25,no,Iceland,0.0
2020-01-25,no,India,0.0
2020-01-25,no,Indonesia,0.0
2020-01-25,no,Iran,0.0
2020-01-25,no,Iraq,0.0
2020-01-25,no,Ireland,0.0
2020-01-25,no,Israel,0.0
2020-01-25,no,Italy,0.0
2020-01-25,no,Jamaica,0.0
2020-01-25,no,Japan,2.0
2020-01-25,no,Jordan,0.0
2020-01-25,no,Kazakhstan,0.0
2020-01-25,no,Kenya,0.0
2020-01-25,no,"Korea, South",2.0
2020-01-25,no,Kosovo,0.0
2020-01-25,no,Kuwait,0.0
2020-01-25,no,Kyrgyzstan,0.0
2020-01-25,no,Laos,0.0
2020-01-25,no,Latvia,0.0
2020-01-25,no,Lebanon,0.0
2020-01-25,no,Lesotho,0.0
2020-01-25,no,Liberia,0.0
2020-01-25,no,Libya,0.0
2020-01-25,no,Liechtenstein,0.0
2020-01-25,no,Lithuania,0.0
2020-01-25,no,Luxembourg,0.0
2020-01-25,no,MS Zaandam,0.0
2020-01-25,no,Madagascar,0.0
2020-01-25,no,Malawi,0.0
2020-01-25,no,Malaysia,3.0
2020-01-25,no,Maldives,0.0
2020-01-25,no,Mali,0.0
2020-01-25,no,Malta,0.0
2020-01-25,no,Mauritania,0.0
2020-01-25,no,Mauritius,0.0
2020-01-25,no,Mexico,0.0
2020-01-25,no,Moldova,0.0
2020-01-25,no,Monaco,0.0
2020-01-25,no,Mongolia,0.0
2020-01-25,no,Montenegro,0.0
2020-01-25,no,Morocco,0.0
2020-01-25,no,Mozambique,0.0
2020-01-25,no,Namibia,0.0
2020-01-25,no,Nepal,1.0
2020-01-25,no,Netherlands,0.0
2020-01-25,no,New Zealand,0.0
2020-01-25,no,Nicaragua,0.0
2020-01-25,no,Niger,0.0
2020-01-25,no,Nigeria,0.0
2020-01-25,no,North Macedonia,0.0
2020-01-25,no,Norway,0.0
2020-01-25,no,Oman,0.0
2020-01-25,no,Pakistan,0.0
2020-01-25,no,Panama,0.0
2020-01-25,no,Papua New Guinea,0.0
2020-01-25,no,Paraguay,0.0
2020-01-25,no,Peru,0.0
2020-01-25,no,Philippines,0.0
2020-01-25,no,Poland,0.0
2020-01-25,no,Portugal,0.0
2020-01-25,no,Qatar,0.0
2020-01-25,no,Romania,0.0
2020-01-25,no,Russia,0.0
2020-01-25,no,Rwanda,0.0
2020-01-25,no,Saint Kitts and Nevis,0.0
2020-01-25,no,Saint Lucia,0.0
2020-01-25,no,Saint Vincent and the Grenadines,0.0
2020-01-25,no,San Marino,0.0
2020-01-25,no,Sao Tome and Principe,0.0
2020-01-25,no,Saudi Arabia,0.0
2020-01-25,no,Senegal,0.0
2020-01-25,no,Serbia,0.0
2020-01-25,no,Seychelles,0.0
2020-01-25,no,Sierra Leone,0.0
2020-01-25,no,Singapore,3.0
2020-01-25,no,Slovakia,0.0
2020-01-25,no,Slovenia,0.0
2020-01-25,no,Somalia,0.0
2020-01-25,no,South Africa,0.0
2020-01-25,no,South Sudan,0.0
2020-01-25,no,Spain,0.0
2020-01-25,no,Sri Lanka,0.0
2020-01-25,no,Sudan,0.0
2020-01-25,no,Suriname,0.0
2020-01-25,no,Sweden,0.0
2020-01-25,no,Switzerland,0.0
2020-01-25,no,Syria,0.0
2020-01-25,no,Taiwan*,3.0
2020-01-25,no,Tajikistan,0.0
2020-01-25,no,Tanzania,0.0
2020-01-25,no,Thailand,7.0
2020-01-25,no,Timor-Leste,0.0
2020-01-25,no,Togo,0.0
2020-01-25,no,Trinidad and Tobago,0.0
2020-01-25,no,Tunisia,0.0
2020-01-25,no,Turkey,0.0
2020-01-25,no,US,2.0
2020-01-25,no,Uganda,0.0
2020-01-25,no,Ukraine,0.0
2020-01-25,no,United Arab Emirates,0.0
2020-01-25,no,United Kingdom,0.0
2020-01-25,no,Uruguay,0.0
2020-01-25,no,Uzbekistan,0.0
2020-01-25,no,Venezuela,0.0
2020-01-25,no,Vietnam,2.0
2020-01-25,no,West Bank and Gaza,0.0
2020-01-25,no,Western Sahara,0.0
2020-01-25,no,Yemen,0.0
2020-01-25,no,Zambia,0.0
2020-01-25,no,Zimbabwe,0.0
2020-01-26,Alberta,Canada,0.0
2020-01-26,Anguilla,United Kingdom,0.0
2020-01-26,Anhui,China,60.0
2020-01-26,Aruba,Netherlands,0.0
2020-01-26,Australian Capital Territory,Australia,0.0
2020-01-26,Beijing,China,68.0
2020-01-26,Bermuda,United Kingdom,0.0
2020-01-26,"Bonaire, Sint Eustatius and Saba",Netherlands,0.0
2020-01-26,British Columbia,Canada,0.0
2020-01-26,British Virgin Islands,United Kingdom,0.0
2020-01-26,Cayman Islands,United Kingdom,0.0
2020-01-26,Channel Islands,United Kingdom,0.0
2020-01-26,Chongqing,China,75.0
2020-01-26,Curacao,Netherlands,0.0
2020-01-26,Diamond Princess,Canada,0.0
2020-01-26,Falkland Islands (Malvinas),United Kingdom,0.0
2020-01-26,Faroe Islands,Denmark,0.0
2020-01-26,French Guiana,France,0.0
2020-01-26,French Polynesia,France,0.0
2020-01-26,Fujian,China,35.0
2020-01-26,Gansu,China,7.0
2020-01-26,Gibraltar,United Kingdom,0.0
2020-01-26,Grand Princess,Canada,0.0
2020-01-26,Greenland,Denmark,0.0
2020-01-26,Guadeloupe,France,0.0
2020-01-26,Guangdong,China,111.0
2020-01-26,Guangxi,China,36.0
2020-01-26,Guizhou,China,5.0
2020-01-26,Hainan,China,22.0
2020-01-26,Hebei,China,13.0
2020-01-26,Heilongjiang,China,15.0
2020-01-26,Henan,China,83.0
2020-01-26,Hong Kong,China,8.0
2020-01-26,Hubei,China,1058.0
2020-01-26,Hunan,China,69.0
2020-01-26,Inner Mongolia,China,7.0
2020-01-26,Isle of Man,United Kingdom,0.0
2020-01-26,Jiangsu,China,33.0
2020-01-26,Jiangxi,China,36.0
2020-01-26,Jilin,China,4.0
2020-01-26,Liaoning,China,21.0
2020-01-26,Macau,China,5.0
2020-01-26,Manitoba,Canada,0.0
2020-01-26,Martinique,France,0.0
2020-01-26,Mayotte,France,0.0
2020-01-26,Montserrat,United Kingdom,0.0
2020-01-26,New Brunswick,Canada,0.0
2020-01-26,New Caledonia,France,0.0
2020-01-26,New South Wales,Australia,3.0
2020-01-26,Newfoundland and Labrador,Canada,0.0
2020-01-26,Ningxia,China,4.0
2020-01-26,Northern Territory,Australia,0.0
2020-01-26,Northwest Territories,Canada,0.0
2020-01-26,Nova Scotia,Canada,0.0
2020-01-26,Ontario,Canada,1.0
2020-01-26,Prince Edward Island,Canada,0.0
2020-01-26,Qinghai,China,1.0
2020-01-26,Quebec,Canada,0.0
2020-01-26,Queensland,Australia,0.0
2020-01-26,Reunion,France,0.0
2020-01-26,Saint Barthelemy,France,0.0
2020-01-26,Saint Pierre and Miquelon,France,0.0
2020-01-26,Saskatchewan,Canada,0.0
2020-01-26,Shaanxi,China,22.0
2020-01-26,Shandong,China,46.0
2020-01-26,Shanghai,China,40.0
2020-01-26,Shanxi,China,9.0
2020-01-26,Sichuan,China,44.0
2020-01-26,Sint Maarten,Netherlands,0.0
2020-01-26,South Australia,Australia,0.0
2020-01-26,St Martin,France,0.0
2020-01-26,Tasmania,Australia,0.0
2020-01-26,Tianjin,China,14.0
2020-01-26,Tibet,China,0.0
2020-01-26,Turks and Caicos Islands,United Kingdom,0.0
2020-01-26,Victoria,Australia,1.0
2020-01-26,Western Australia,Australia,0.0
2020-01-26,Xinjiang,China,4.0
2020-01-26,Yukon,Canada,0.0
2020-01-26,Yunnan,China,16.0
2020-01-26,Zhejiang,China,104.0
2020-01-26,no,Afghanistan,0.0
2020-01-26,no,Albania,0.0
2020-01-26,no,Algeria,0.0
2020-01-26,no,Andorra,0.0
2020-01-26,no,Angola,0.0
2020-01-26,no,Antigua and Barbuda,0.0
2020-01-26,no,Argentina,0.0
2020-01-26,no,Armenia,0.0
2020-01-26,no,Austria,0.0
2020-01-26,no,Azerbaijan,0.0
2020-01-26,no,Bahamas,0.0
2020-01-26,no,Bahrain,0.0
2020-01-26,no,Bangladesh,0.0
2020-01-26,no,Barbados,0.0
2020-01-26,no,Belarus,0.0
2020-01-26,no,Belgium,0.0
2020-01-26,no,Belize,0.0
2020-01-26,no,Benin,0.0
2020-01-26,no,Bhutan,0.0
2020-01-26,no,Bolivia,0.0
2020-01-26,no,Bosnia and Herzegovina,0.0
2020-01-26,no,Botswana,0.0
2020-01-26,no,Brazil,0.0
2020-01-26,no,Brunei,0.0
2020-01-26,no,Bulgaria,0.0
2020-01-26,no,Burkina Faso,0.0
2020-01-26,no,Burma,0.0
2020-01-26,no,Burundi,0.0
2020-01-26,no,Cabo Verde,0.0
2020-01-26,no,Cambodia,0.0
2020-01-26,no,Cameroon,0.0
2020-01-26,no,Central African Republic,0.0
2020-01-26,no,Chad,0.0
2020-01-26,no,Chile,0.0
2020-01-26,no,Colombia,0.0
2020-01-26,no,Comoros,0.0
2020-01-26,no,Congo (Brazzaville),0.0
2020-01-26,no,Congo (Kinshasa),0.0
2020-01-26,no,Costa Rica,0.0
2020-01-26,no,Cote d'Ivoire,0.0
2020-01-26,no,Croatia,0.0
2020-01-26,no,Cuba,0.0
2020-01-26,no,Cyprus,0.0
2020-01-26,no,Czechia,0.0
2020-01-26,no,Denmark,0.0
2020-01-26,no,Diamond Princess,0.0
2020-01-26,no,Djibouti,0.0
2020-01-26,no,Dominica,0.0
2020-01-26,no,Dominican Republic,0.0
2020-01-26,no,Ecuador,0.0
2020-01-26,no,Egypt,0.0
2020-01-26,no,El Salvador,0.0
2020-01-26,no,Equatorial Guinea,0.0
2020-01-26,no,Eritrea,0.0
2020-01-26,no,Estonia,0.0
2020-01-26,no,Eswatini,0.0
2020-01-26,no,Ethiopia,0.0
2020-01-26,no,Fiji,0.0
2020-01-26,no,Finland,0.0
2020-01-26,no,France,3.0
2020-01-26,no,Gabon,0.0
2020-01-26,no,Gambia,0.0
2020-01-26,no,Georgia,0.0
2020-01-26,no,Germany,0.0
2020-01-26,no,Ghana,0.0
2020-01-26,no,Greece,0.0
2020-01-26,no,Grenada,0.0
2020-01-26,no,Guatemala,0.0
2020-01-26,no,Guinea,0.0
2020-01-26,no,Guinea-Bissau,0.0
2020-01-26,no,Guyana,0.0
2020-01-26,no,Haiti,0.0
2020-01-26,no,Holy See,0.0
2020-01-26,no,Honduras,0.0
2020-01-26,no,Hungary,0.0
2020-01-26,no,Iceland,0.0
2020-01-26,no,India,0.0
2020-01-26,no,Indonesia,0.0
2020-01-26,no,Iran,0.0
2020-01-26,no,Iraq,0.0
2020-01-26,no,Ireland,0.0
2020-01-26,no,Israel,0.0
2020-01-26,no,Italy,0.0
2020-01-26,no,Jamaica,0.0
2020-01-26,no,Japan,4.0
2020-01-26,no,Jordan,0.0
2020-01-26,no,Kazakhstan,0.0
2020-01-26,no,Kenya,0.0
2020-01-26,no,"Korea, South",3.0
2020-01-26,no,Kosovo,0.0
2020-01-26,no,Kuwait,0.0
2020-01-26,no,Kyrgyzstan,0.0
2020-01-26,no,Laos,0.0
2020-01-26,no,Latvia,0.0
2020-01-26,no,Lebanon,0.0
2020-01-26,no,Lesotho,0.0
2020-01-26,no,Liberia,0.0
2020-01-26,no,Libya,0.0
2020-01-26,no,Liechtenstein,0.0
2020-01-26,no,Lithuania,0.0
2020-01-26,no,Luxembourg,0.0
2020-01-26,no,MS Zaandam,0.0
2020-01-26,no,Madagascar,0.0
2020-01-26,no,Malawi,0.0
2020-01-26,no,Malaysia,4.0
2020-01-26,no,Maldives,0.0
2020-01-26,no,Mali,0.0
2020-01-26,no,Malta,0.0
2020-01-26,no,Mauritania,0.0
2020-01-26,no,Mauritius,0.0
2020-01-26,no,Mexico,0.0
2020-01-26,no,Moldova,0.0
2020-01-26,no,Monaco,0.0
2020-01-26,no,Mongolia,0.0
2020-01-26,no,Montenegro,0.0
2020-01-26,no,Morocco,0.0
2020-01-26,no,Mozambique,0.0
2020-01-26,no,Namibia,0.0
2020-01-26,no,Nepal,1.0
2020-01-26,no,Netherlands,0.0
2020-01-26,no,New Zealand,0.0
2020-01-26,no,Nicaragua,0.0
2020-01-26,no,Niger,0.0
2020-01-26,no,Nigeria,0.0
2020-01-26,no,North Macedonia,0.0
2020-01-26,no,Norway,0.0
2020-01-26,no,Oman,0.0
2020-01-26,no,Pakistan,0.0
2020-01-26,no,Panama,0.0
2020-01-26,no,Papua New Guinea,0.0
2020-01-26,no,Paraguay,0.0
2020-01-26,no,Peru,0.0
2020-01-26,no,Philippines,0.0
2020-01-26,no,Poland,0.0
2020-01-26,no,Portugal,0.0
2020-01-26,no,Qatar,0.0
2020-01-26,no,Romania,0.0
2020-01-26,no,Russia,0.0
2020-01-26,no,Rwanda,0.0
2020-01-26,no,Saint Kitts and Nevis,0.0
2020-01-26,no,Saint Lucia,0.0
2020-01-26,no,Saint Vincent and the Grenadines,0.0
2020-01-26,no,San Marino,0.0
2020-01-26,no,Sao Tome and Principe,0.0
2020-01-26,no,Saudi Arabia,0.0
2020-01-26,no,Senegal,0.0
2020-01-26,no,Serbia,0.0
2020-01-26,no,Seychelles,0.0
2020-01-26,no,Sierra Leone,0.0
2020-01-26,no,Singapore,4.0
2020-01-26,no,Slovakia,0.0
2020-01-26,no,Slovenia,0.0
2020-01-26,no,Somalia,0.0
2020-01-26,no,South Africa,0.0
2020-01-26,no,South Sudan,0.0
2020-01-26,no,Spain,0.0
2020-01-26,no,Sri Lanka,0.0
2020-01-26,no,Sudan,0.0
2020-01-26,no,Suriname,0.0
2020-01-26,no,Sweden,0.0
2020-01-26,no,Switzerland,0.0
2020-01-26,no,Syria,0.0
2020-01-26,no,Taiwan*,4.0
2020-01-26,no,Tajikistan,0.0
2020-01-26,no,Tanzania,0.0
2020-01-26,no,Thailand,8.0
2020-01-26,no,Timor-Leste,0.0
2020-01-26,no,Togo,0.0
2020-01-26,no,Trinidad and Tobago,0.0
2020-01-26,no,Tunisia,0.0
2020-01-26,no,Turkey,0.0
2020-01-26,no,US,5.0
2020-01-26,no,Uganda,0.0
2020-01-26,no,Ukraine,0.0
2020-01-26,no,United Arab Emirates,0.0
2020-01-26,no,United Kingdom,0.0
2020-01-26,no,Uruguay,0.0
2020-01-26,no,Uzbekistan,0.0
2020-01-26,no,Venezuela,0.0
2020-01-26,no,Vietnam,2.0
2020-01-26,no,West Bank and Gaza,0.0
2020-01-26,no,Western Sahara,0.0
2020-01-26,no,Yemen,0.0
2020-01-26,no,Zambia,0.0
2020-01-26,no,Zimbabwe,0.0
2020-01-27,Alberta,Canada,0.0
2020-01-27,Anguilla,United Kingdom,0.0
2020-01-27,Anhui,China,70.0
2020-01-27,Aruba,Netherlands,0.0
2020-01-27,Australian Capital Territory,Australia,0.0
2020-01-27,Beijing,China,80.0
2020-01-27,Bermuda,United Kingdom,0.0
2020-01-27,"Bonaire, Sint Eustatius and Saba",Netherlands,0.0
2020-01-27,British Columbia,Canada,0.0
2020-01-27,British Virgin Islands,United Kingdom,0.0
2020-01-27,Cayman Islands,United Kingdom,0.0
2020-01-27,Channel Islands,United Kingdom,0.0
2020-01-27,Chongqing,China,110.0
2020-01-27,Curacao,Netherlands,0.0
2020-01-27,Diamond Princess,Canada,0.0
2020-01-27,Falkland Islands (Malvinas),United Kingdom,0.0
2020-01-27,Faroe Islands,Denmark,0.0
2020-01-27,French Guiana,France,0.0
2020-01-27,French Polynesia,France,0.0
2020-01-27,Fujian,China,59.0
2020-01-27,Gansu,China,14.0
2020-01-27,Gibraltar,United Kingdom,0.0
2020-01-27,Grand Princess,Canada,0.0
2020-01-27,Greenland,Denmark,0.0
2020-01-27,Guadeloupe,France,0.0
2020-01-27,Guangdong,China,151.0
2020-01-27,Guangxi,China,46.0
2020-01-27,Guizhou,China,7.0
2020-01-27,Hainan,China,33.0
2020-01-27,Hebei,China,18.0
2020-01-27,Heilongjiang,China,21.0
2020-01-27,Henan,China,128.0
2020-01-27,Hong Kong,China,8.0
2020-01-27,Hubei,China,1423.0
2020-01-27,Hunan,China,100.0
2020-01-27,Inner Mongolia,China,11.0
2020-01-27,Isle of Man,United Kingdom,0.0
2020-01-27,Jiangsu,China,47.0
2020-01-27,Jiangxi,China,72.0
2020-01-27,Jilin,China,6.0
2020-01-27,Liaoning,China,27.0
2020-01-27,Macau,China,6.0
2020-01-27,Manitoba,Canada,0.0
2020-01-27,Martinique,France,0.0
2020-01-27,Mayotte,France,0.0
2020-01-27,Montserrat,United Kingdom,0.0
2020-01-27,New Brunswick,Canada,0.0
2020-01-27,New Caledonia,France,0.0
2020-01-27,New South Wales,Australia,4.0
2020-01-27,Newfoundland and Labrador,Canada,0.0
2020-01-27,Ningxia,China,7.0
2020-01-27,Northern Territory,Australia,0.0
2020-01-27,Northwest Territories,Canada,0.0
2020-01-27,Nova Scotia,Canada,0.0
2020-01-27,Ontario,Canada,1.0
2020-01-27,Prince Edward Island,Canada,0.0
2020-01-27,Qinghai,China,6.0
2020-01-27,Quebec,Canada,0.0
2020-01-27,Queensland,Australia,0.0
2020-01-27,Reunion,France,0.0
2020-01-27,Saint Barthelemy,France,0.0
2020-01-27,Saint Pierre and Miquelon,France,0.0
2020-01-27,Saskatchewan,Canada,0.0
2020-01-27,Shaanxi,China,35.0
2020-01-27,Shandong,China,75.0
2020-01-27,Shanghai,China,53.0
2020-01-27,Shanxi,China,13.0
2020-01-27,Sichuan,China,69.0
2020-01-27,Sint Maarten,Netherlands,0.0
2020-01-27,South Australia,Australia,0.0
2020-01-27,St Martin,France,0.0
2020-01-27,Tasmania,Australia,0.0
2020-01-27,Tianjin,China,23.0
2020-01-27,Tibet,China,0.0
2020-01-27,Turks and Caicos Islands,United Kingdom,0.0
2020-01-27,Victoria,Australia,1.0
2020-01-27,Western Australia,Australia,0.0
2020-01-27,Xinjiang,China,5.0
2020-01-27,Yukon,Canada,0.0
2020-01-27,Yunnan,China,26.0
2020-01-27,Zhejiang,China,128.0
2020-01-27,no,Afghanistan,0.0
2020-01-27,no,Albania,0.0
2020-01-27,no,Algeria,0.0
2020-01-27,no,Andorra,0.0
2020-01-27,no,Angola,0.0
2020-01-27,no,Antigua and Barbuda,0.0
2020-01-27,no,Argentina,0.0
2020-01-27,no,Armenia,0.0
2020-01-27,no,Austria,0.0
2020-01-27,no,Azerbaijan,0.0
2020-01-27,no,Bahamas,0.0
2020-01-27,no,Bahrain,0.0
2020-01-27,no,Bangladesh,0.0
2020-01-27,no,Barbados,0.0
2020-01-27,no,Belarus,0.0
2020-01-27,no,Belgium,0.0
2020-01-27,no,Belize,0.0
2020-01-27,no,Benin,0.0
2020-01-27,no,Bhutan,0.0
2020-01-27,no,Bolivia,0.0
2020-01-27,no,Bosnia and Herzegovina,0.0
2020-01-27,no,Botswana,0.0
2020-01-27,no,Brazil,0.0
2020-01-27,no,Brunei,0.0
2020-01-27,no,Bulgaria,0.0
2020-01-27,no,Burkina Faso,0.0
2020-01-27,no,Burma,0.0
2020-01-27,no,Burundi,0.0
2020-01-27,no,Cabo Verde,0.0
2020-01-27,no,Cambodia,1.0
2020-01-27,no,Cameroon,0.0
2020-01-27,no,Central African Republic,0.0
2020-01-27,no,Chad,0.0
2020-01-27,no,Chile,0.0
2020-01-27,no,Colombia,0.0
2020-01-27,no,Comoros,0.0
2020-01-27,no,Congo (Brazzaville),0.0
2020-01-27,no,Congo (Kinshasa),0.0
2020-01-27,no,Costa Rica,0.0
2020-01-27,no,Cote d'Ivoire,0.0
2020-01-27,no,Croatia,0.0
2020-01-27,no,Cuba,0.0
2020-01-27,no,Cyprus,0.0
2020-01-27,no,Czechia,0.0
2020-01-27,no,Denmark,0.0
2020-01-27,no,Diamond Princess,0.0
2020-01-27,no,Djibouti,0.0
2020-01-27,no,Dominica,0.0
2020-01-27,no,Dominican Republic,0.0
2020-01-27,no,Ecuador,0.0
2020-01-27,no,Egypt,0.0
2020-01-27,no,El Salvador,0.0
2020-01-27,no,Equatorial Guinea,0.0
2020-01-27,no,Eritrea,0.0
2020-01-27,no,Estonia,0.0
2020-01-27,no,Eswatini,0.0
2020-01-27,no,Ethiopia,0.0
2020-01-27,no,Fiji,0.0
2020-01-27,no,Finland,0.0
2020-01-27,no,France,3.0
2020-01-27,no,Gabon,0.0
2020-01-27,no,Gambia,0.0
2020-01-27,no,Georgia,0.0
2020-01-27,no,Germany,1.0
2020-01-27,no,Ghana,0.0
2020-01-27,no,Greece,0.0
2020-01-27,no,Grenada,0.0
2020-01-27,no,Guatemala,0.0
2020-01-27,no,Guinea,0.0
2020-01-27,no,Guinea-Bissau,0.0
2020-01-27,no,Guyana,0.0
2020-01-27,no,Haiti,0.0
2020-01-27,no,Holy See,0.0
2020-01-27,no,Honduras,0.0
2020-01-27,no,Hungary,0.0
2020-01-27,no,Iceland,0.0
2020-01-27,no,India,0.0
2020-01-27,no,Indonesia,0.0
2020-01-27,no,Iran,0.0
2020-01-27,no,Iraq,0.0
2020-01-27,no,Ireland,0.0
2020-01-27,no,Israel,0.0
2020-01-27,no,Italy,0.0
2020-01-27,no,Jamaica,0.0
2020-01-27,no,Japan,4.0
2020-01-27,no,Jordan,0.0
2020-01-27,no,Kazakhstan,0.0
2020-01-27,no,Kenya,0.0
2020-01-27,no,"Korea, South",4.0
2020-01-27,no,Kosovo,0.0
2020-01-27,no,Kuwait,0.0
2020-01-27,no,Kyrgyzstan,0.0
2020-01-27,no,Laos,0.0
2020-01-27,no,Latvia,0.0
2020-01-27,no,Lebanon,0.0
2020-01-27,no,Lesotho,0.0
2020-01-27,no,Liberia,0.0
2020-01-27,no,Libya,0.0
2020-01-27,no,Liechtenstein,0.0
2020-01-27,no,Lithuania,0.0
2020-01-27,no,Luxembourg,0.0
2020-01-27,no,MS Zaandam,0.0
2020-01-27,no,Madagascar,0.0
2020-01-27,no,Malawi,0.0
2020-01-27,no,Malaysia,4.0
2020-01-27,no,Maldives,0.0
2020-01-27,no,Mali,0.0
2020-01-27,no,Malta,0.0
2020-01-27,no,Mauritania,0.0
2020-01-27,no,Mauritius,0.0
2020-01-27,no,Mexico,0.0
2020-01-27,no,Moldova,0.0
2020-01-27,no,Monaco,0.0
2020-01-27,no,Mongolia,0.0
2020-01-27,no,Montenegro,0.0
2020-01-27,no,Morocco,0.0
2020-01-27,no,Mozambique,0.0
2020-01-27,no,Namibia,0.0
2020-01-27,no,Nepal,1.0
2020-01-27,no,Netherlands,0.0
2020-01-27,no,New Zealand,0.0
2020-01-27,no,Nicaragua,0.0
2020-01-27,no,Niger,0.0
2020-01-27,no,Nigeria,0.0
2020-01-27,no,North Macedonia,0.0
2020-01-27,no,Norway,0.0
2020-01-27,no,Oman,0.0
2020-01-27,no,Pakistan,0.0
2020-01-27,no,Panama,0.0
2020-01-27,no,Papua New Guinea,0.0
2020-01-27,no,Paraguay,0.0
2020-01-27,no,Peru,0.0
2020-01-27,no,Philippines,0.0
2020-01-27,no,Poland,0.0
2020-01-27,no,Portugal,0.0
2020-01-27,no,Qatar,0.0
2020-01-27,no,Romania,0.0
2020-01-27,no,Russia,0.0
2020-01-27,no,Rwanda,0.0
2020-01-27,no,Saint Kitts and Nevis,0.0
2020-01-27,no,Saint Lucia,0.0
2020-01-27,no,Saint Vincent and the Grenadines,0.0
2020-01-27,no,San Marino,0.0
2020-01-27,no,Sao Tome and Principe,0.0
2020-01-27,no,Saudi Arabia,0.0
2020-01-27,no,Senegal,0.0
2020-01-27,no,Serbia,0.0
2020-01-27,no,Seychelles,0.0
2020-01-27,no,Sierra Leone,0.0
2020-01-27,no,Singapore,5.0
2020-01-27,no,Slovakia,0.0
2020-01-27,no,Slovenia,0.0
2020-01-27,no,Somalia,0.0
2020-01-27,no,South Africa,0.0
2020-01-27,no,South Sudan,0.0
2020-01-27,no,Spain,0.0
2020-01-27,no,Sri Lanka,1.0
2020-01-27,no,Sudan,0.0
2020-01-27,no,Suriname,0.0
2020-01-27,no,Sweden,0.0
2020-01-27,no,Switzerland,0.0
2020-01-27,no,Syria,0.0
2020-01-27,no,Taiwan*,5.0
2020-01-27,no,Tajikistan,0.0
2020-01-27,no,Tanzania,0.0
2020-01-27,no,Thailand,8.0
2020-01-27,no,Timor-Leste,0.0
2020-01-27,no,Togo,0.0
2020-01-27,no,Trinidad and Tobago,0.0
2020-01-27,no,Tunisia,0.0
2020-01-27,no,Turkey,0.0
2020-01-27,no,US,5.0
2020-01-27,no,Uganda,0.0
2020-01-27,no,Ukraine,0.0
2020-01-27,no,United Arab Emirates,0.0
2020-01-27,no,United Kingdom,0.0
2020-01-27,no,Uruguay,0.0
2020-01-27,no,Uzbekistan,0.0
2020-01-27,no,Venezuela,0.0
2020-01-27,no,Vietnam,2.0
2020-01-27,no,West Bank and Gaza,0.0
2020-01-27,no,Western Sahara,0.0
2020-01-27,no,Yemen,0.0
2020-01-27,no,Zambia,0.0
2020-01-27,no,Zimbabwe,0.0
